PDB,Chain,Water,Filtered waters
1F88,A,15,4
1F88,B,9,0
1GZM,A,13,1
1GZM,B,13,2
1HZX,A,7,3
1HZX,B,5,2
1L9H,A,13,6
1L9H,B,13,2
1U19,A,37,14
1U19,B,29,10
2G87,A,37,6
2G87,B,29,4
2HPY,A,37,3
2HPY,B,29,1
2I35,A,0,0
2I36,A,0,0
2I36,B,0,0
2I36,C,0,0
2I37,A,0,0
2I37,B,0,0
2I37,C,0,0
2J4Y,A,0,0
2J4Y,B,0,0
2PED,A,58,11
2PED,B,50,7
2R4R,A,0,0
2R4S,A,0,0
2RH1,A,12,0
2VT4,A,9,5
2VT4,B,7,4
2VT4,C,7,5
2VT4,D,8,7
2X72,A,8,3
2Y00,A,19,16
2Y00,B,19,14
2Y01,A,19,9
2Y01,B,20,11
2Y02,A,21,18
2Y02,B,18,16
2Y03,A,6,0
2Y03,B,3,2
2Y04,A,9,8
2Y04,B,5,4
2YCW,A,0,0
2YCW,B,0,0
2YCX,A,0,0
2YCX,B,0,0
2YCY,A,0,0
2YCY,B,2,2
2YCZ,A,0,0
2YCZ,B,0,0
2YDO,A,2,0
2YDV,A,11,0
2Z73,A,22,10
2Z73,B,22,15
2ZIY,A,0,0
3AYM,A,21,18
3AYM,B,23,17
3AYN,A,21,18
3AYN,B,24,23
3C9L,A,13,1
3C9M,A,0,0
3CAP,A,3,0
3CAP,B,3,0
3D4S,A,12,2
3DQB,A,1,0
3EML,A,18,1
3KJ6,A,0,0
3NY8,A,11,0
3NY9,A,6,5
3NYA,A,5,0
3OAX,A,33,6
3OAX,B,33,6
3ODU,A,46,16
3ODU,B,46,21
3OE0,A,1,1
3OE6,A,0,0
3OE8,A,0,0
3OE8,B,0,0
3OE8,C,0,0
3OE9,A,0,0
3OE9,B,0,0
3P0G,A,0,0
3PBL,A,0,0
3PBL,B,0,0
3PDS,A,0,0
3PQR,A,19,1
3PWH,A,0,0
3PXO,A,4,3
3QAK,A,5,0
3REY,A,0,0
3RFM,A,0,0
3RZE,A,0,0
3SN6,R,0,0
3UON,A,29,11
3UZA,A,0,0
3UZC,A,0,0
3V2W,A,0,0
3V2Y,A,7,2
3VG9,A,6,1
3VGA,A,1,0
3VW7,A,53,22
3ZEV,A,0,0
3ZEV,B,0,0
3ZPQ,A,15,2
3ZPQ,B,14,5
3ZPR,A,15,2
3ZPR,B,11,3
4A4M,A,3,2
4AMI,A,3,0
4AMI,B,5,0
4AMJ,A,43,19
4AMJ,B,45,16
4BEY,A,7,2
4BEZ,A,3,1
4BUO,A,0,0
4BUO,B,0,0
4BV0,A,0,0
4BV0,B,0,0
4BVN,A,32,19
4BWB,A,0,0
4BWB,B,0,0
4DAJ,A,0,0
4DAJ,B,0,0
4DAJ,C,0,0
4DAJ,D,0,0
4DJH,A,2,0
4DJH,B,8,0
4DKL,A,15,4
4EA3,A,6,5
4EA3,B,2,2
4EIY,A,153,62
4EJ4,A,0,0
4GBR,A,0,0
4GPO,A,0,0
4GPO,B,0,0
4GRV,A,11,0
4IAQ,A,2,0
4IAR,A,8,0
4IB4,A,7,1
4J4Q,A,20,2
4JKV,A,29,1
4JKV,B,35,3
4K5Y,A,1,0
4K5Y,B,0,0
4K5Y,C,0,0
4L6R,A,0,0
4LDE,A,33,10
4LDL,A,1,1
4LDO,A,1,0
4MBS,A,17,1
4MBS,B,22,0
4MQS,A,0,0
4MQT,A,0,0
4N4W,A,5,0
4N6H,A,74,29
4NC3,A,5,1
4NTJ,A,6,0
4O9R,A,0,0
4OO9,A,17,3
4OR2,A,3,0
4OR2,B,5,0
4PHU,A,54,17
4PXF,A,11,1
4PXZ,A,38,7
4PY0,A,0,0
4QIM,A,18,0
4QIN,A,5,1
4QKX,A,0,0
4RWA,A,1,0
4RWA,B,0,0
4RWD,A,7,0
4RWD,B,8,1
4RWS,A,0,0
4S0V,A,17,11
4U14,A,0,0
4U15,A,0,0
4U15,B,0,0
4U16,A,0,0
4U16,B,0,0
4UG2,A,7,6
4UG2,B,8,7
4UHR,A,8,6
4WW3,A,1,1
4WW3,B,1,0
4X1H,A,60,5
4XEE,A,10,0
4XES,A,30,1
4XNV,A,23,2
4XNW,A,5,4
4XNW,C,3,2
4XT1,A,18,10
4XT3,A,0,0
4YAY,A,0,0
4Z34,A,0,0
4Z35,A,2,0
4Z36,A,0,0
4Z9G,A,0,0
4Z9G,B,0,0
4Z9G,C,0,0
4ZJ8,A,9,0
4ZJC,A,0,0
4ZUD,A,0,0
4ZWJ,A,0,0
4ZWJ,B,0,0
4ZWJ,C,0,0
4ZWJ,D,0,0
5A8E,A,21,15
5C1M,A,51,18
5CGC,A,19,6
5CGD,A,33,12
5CXV,A,4,0
5D5A,A,18,3
5D5B,A,0,0
5D6L,A,0,0
5DGY,A,0,0
5DGY,B,0,0
5DGY,C,0,0
5DGY,D,0,0
5DHG,B,0,0
5DHH,B,0,0
5DSG,A,9,5
5DSG,B,9,3
5DYS,A,24,1
5EE7,A,19,9
5EN0,A,11,5
5F8U,A,0,0
5F8U,B,0,0
5G53,A,0,0
5G53,B,0,0
5GLH,A,1,0
5GLI,A,18,4
5IU4,A,102,53
5IU7,A,106,52
5IU8,A,123,53
5IUA,A,105,50
5IUB,A,81,39
5JQH,A,0,0
5JQH,B,0,0
5JTB,A,59,38
5K2A,A,60,36
5K2B,A,57,34
5K2C,A,73,30
5K2D,A,71,40
5KW2,A,26,4
5L7D,A,0,0
5L7D,B,0,0
5L7I,A,0,0
5L7I,B,0,0
5LWE,A,19,5
5LWE,B,27,6
5MZJ,A,95,42
5MZP,A,95,37
5N2R,A,25,18
5N2S,A,2,0
5NDD,A,5,4
5NDZ,A,1,1
5NJ6,A,0,0
5NLX,A,18,1
5NM2,A,106,38
5NM4,A,57,29
5NX2,A,0,0
5O9H,A,36,5
5O9H,B,31,12
5OLG,A,70,46
5OLH,A,29,25
5OLO,A,2,0
5OLV,A,83,42
5OLZ,A,92,34
5OM1,A,110,43
5OM4,A,91,45
5T04,A,0,0
5T1A,A,12,4
5TE3,A,20,0
5TE5,A,0,0
5TGZ,A,3,0
5TUD,A,0,0
5TUD,D,0,0
5TVN,A,1,0
5TZR,A,33,9
5TZY,A,0,0
5U09,A,48,5
5UEN,A,0,0
5UEN,B,0,0
5UIG,A,0,0
5UIW,A,31,12
5UNF,A,0,0
5UNF,B,0,0
5UNG,B,1,0
5UNH,A,0,0
5UNH,B,0,0
5UVI,A,0,0
5UZ7,R,0,0
5V54,A,0,0
5V54,B,0,0
5V56,A,0,0
5V56,B,0,0
5V57,A,0,0
5V57,B,0,0
5VAI,R,0,0
5VBL,B,4,4
5VEW,A,7,0
5VEW,B,6,0
5VEX,A,0,0
5VEX,B,0,0
5VRA,A,84,54
5W0P,A,0,0
5W0P,B,0,0
5W0P,C,0,0
5W0P,D,0,0
5WB1,A,0,0
5WB2,A,0,0
5WF5,A,1,0
5WF6,A,2,0
5WIU,A,51,8
5WIV,A,39,6
5WKT,A,0,0
5WQC,A,61,32
5WS3,A,4,0
5X33,A,0,0
5X7D,A,2,0
5X93,A,72,11
5XEZ,A,0,0
5XEZ,B,0,0
5XF1,A,1,0
5XF1,B,0,0
5XJM,A,0,0
5XPR,A,0,0
5XR8,A,1,0
5XRA,A,0,0
5XSZ,A,0,0
5YC8,A,20,14
5YHL,A,0,0
5YQZ,R,0,0
5YWY,A,0,0
5ZBH,A,0,0
5ZBQ,A,0,0
5ZHP,A,0,0
5ZHP,B,0,0
5ZK3,A,5,5
5ZK8,A,4,3
5ZKB,A,0,0
5ZKC,A,32,25
5ZKP,A,0,0
5ZKQ,A,0,0
5ZKQ,B,0,0
5ZTY,A,16,0
6A93,A,0,0
6A93,B,0,0
6A94,A,0,0
6A94,B,0,0
6AK3,A,0,0
6AK3,B,0,0
6AKX,A,0,0
6AKX,B,1,0
6AKY,A,0,0
6AQF,A,13,4
6B3J,R,0,0
6B73,A,0,0
6B73,B,0,0
6BD4,A,16,6
6BQG,A,0,0
6BQH,A,3,0
6C1Q,B,0,0
6C1R,B,37,24
6CM4,A,5,0
6CMO,R,0,0
6D26,A,0,0
6D27,A,3,0
6D9H,R,0,0
6DDE,R,0,0
6DDF,R,0,0
6DO1,A,36,11
6DO1,B,24,7
6DRX,A,1,0
6DRY,A,0,0
6DRZ,A,2,1
6DS0,A,1,0
6E3Y,R,0,0
6E59,A,0,0
6E67,A,0,0
6E67,B,0,0
6FFH,A,5,5
6FFI,A,60,20
6FJ3,A,53,5
6FK6,A,45,0
6FK7,A,27,0
6FK8,A,0,0
6FK9,A,3,0
6FKA,A,15,0
6FKB,A,2,0
6FKC,A,21,0
6FKD,A,18,0
6FUF,A,1,0
6G79,S,0,0
6GDG,A,0,0
6GPS,A,0,0
6GPX,A,30,5
6GPX,B,22,5
6GT3,A,93,40
6H7J,A,4,2
6H7J,B,5,3
6H7L,A,6,6
6H7L,B,1,1
6H7M,A,5,2
6H7M,B,3,3
6H7N,A,9,8
6H7N,B,4,3
6H7O,A,2,0
6H7O,B,1,0
6HLL,A,0,0
6HLO,A,29,1
6HLP,A,31,4
6I9K,A,50,21
6IBB,A,111,21
6IBB,C,77,17
6IBL,A,5,4
6IBL,B,10,7
6IGK,A,82,26
6IGL,A,19,1
6IIU,A,4,0
6IIV,A,0,0
6IQL,A,0,0
6IQL,B,0,0
6J20,A,0,0
6J21,A,0,0
6JOD,A,0,0
6JZH,A,46,32
6K1Q,A,25,0
6K41,R,0,0
6K42,R,0,0
6KJV,A,4,0
6KJV,B,1,0
6KK1,A,0,0
6KK1,B,2,0
6KK7,A,0,0
6KK7,B,0,0
6KNM,B,0,0
6KO5,A,0,0
6KP6,A,0,0
6KPC,A,0,0
6KPF,R,0,0
6KPG,R,0,0
6KQI,A,0,0
6KUW,A,1,0
6KUW,B,0,0
6KUX,A,0,0
6KUY,A,0,0
6LFL,A,0,0
6LFM,R,0,0
6LFO,R,0,0
6LI0,A,19,1
6LI1,A,4,0
6LI2,A,14,4
6LI3,R,0,0
6LMK,R,0,0
6LML,R,0,0
6LN2,A,0,0
6LPB,R,0,0
6LPJ,A,95,43
6LPK,A,76,36
6LPL,A,105,49
6LRY,A,0,0
6LUQ,A,6,0
6LW5,A,1,0
6M1H,A,0,0
6M1I,A,0,0
6M9T,A,2,0
6ME2,A,4,0
6ME3,A,0,0
6ME4,A,0,0
6ME5,A,0,0
6ME6,A,0,0
6ME6,B,0,0
6ME7,A,0,0
6ME7,B,0,0
6ME8,A,0,0
6ME8,B,0,0
6ME9,A,0,0
6ME9,B,0,0
6MEO,B,0,0
6MET,B,0,0
6MH8,A,0,0
6MXT,A,14,2
6N48,A,0,0
6N4B,R,0,0
6N51,A,0,0
6N51,B,0,0
6N52,A,0,0
6N52,B,0,0
6NBF,R,0,0
6NBH,R,0,0
6NBI,R,0,0
6NI3,R,0,0
6NIY,R,0,0
6NWE,A,7,1
6O3C,A,3,0
6OBA,A,0,0
6OFJ,A,0,0
6OFJ,B,0,0
6OIJ,R,0,0
6OIK,R,0,0
6OL9,A,6,0
6OMM,R,0,0
6ORV,R,0,0
6OS0,A,10,7
6OS1,A,14,0
6OS2,A,11,0
6OS9,R,0,0
6OSA,R,0,0
6OT0,R,0,0
6OY9,R,0,0
6OYA,R,0,0
6P9X,R,7,1
6P9Y,R,0,0
6PB0,R,0,0
6PB1,P,0,0
6PEL,A,0,0
6PGS,A,0,0
6PH7,A,0,0
6PRZ,A,0,0
6PS0,A,0,0
6PS1,A,0,0
6PS2,A,11,0
6PS3,A,0,0
6PS4,A,11,6
6PS5,A,0,0
6PS6,A,5,0
6PS7,A,100,57
6PS8,A,0,0
6PT0,R,0,0
6PT2,A,1,0
6PT2,B,0,0
6PWC,R,0,0
6QNO,R,0,0
6QZH,A,2,0
6RNK,A,147,35
6RZ4,A,11,6
6RZ5,A,4,3
6RZ5,B,5,4
6RZ6,A,20,11
6RZ7,A,16,6
6RZ8,A,13,3
6RZ9,A,7,0
6S0L,A,0,0
6S0Q,A,0,0
6TKO,A,0,0
6TO7,A,62,23
6TO7,B,52,29
6TOD,A,86,24
6TOD,B,76,26
6TOS,A,58,27
6TOS,B,69,33
6TOT,A,9,0
6TOT,B,13,0
6TP3,A,0,0
6TP3,B,0,0
6TP4,A,4,0
6TP4,B,0,0
6TP6,A,12,1
6TP6,B,21,0
6TPG,A,34,14
6TPJ,A,41,16
6TPJ,B,56,16
6TPK,A,0,0
6TPN,A,21,12
6TQ4,A,18,0
6TQ4,B,11,0
6TQ6,A,9,0
6TQ6,B,8,0
6TQ7,A,7,1
6TQ7,B,6,0
6TQ9,A,7,0
6TQ9,B,6,0
6U1N,R,0,0
6UO8,A,0,0
6UO8,B,0,0
6UO9,A,0,0
6UO9,B,0,0
6UOA,A,0,0
6UOA,B,0,0
6UP7,R,0,0
6UUN,R,0,0
6UUS,R,0,0
6UVA,R,0,0
6V9S,A,0,0
6VCB,R,0,0
6VI4,A,0,0
6VI4,B,0,0
6VJM,A,0,0
6VJM,B,0,0
6VMS,R,0,0
6VN7,R,0,0
6W25,A,7,1
6W2X,A,0,0
6W2X,B,0,0
6W2Y,A,0,0
6W2Y,B,0,0
6WGT,A,0,0
6WGT,B,0,0
6WGT,C,0,0
6WH4,A,0,0
6WH4,B,0,0
6WH4,C,0,0
6WHA,A,0,0
6WHC,R,0,0
6WI9,R,0,0
6WIV,A,0,0
6WIV,B,0,0
6WJC,A,2,0
6WPW,R,0,0
6WQA,A,75,42
6WW2,R,0,0
6WWZ,R,0,0
6WZG,R,0,0
6X18,R,20,15
6X19,R,30,18
6X1A,R,23,23
6XBJ,R,0,0
6XBK,R,0,0
6XBL,R,0,0
6XBM,R,0,0
6XOX,R,0,0
6YVR,A,0,0
6YVR,B,0,0
6Z10,A,96,12
6Z4Q,A,0,0
6Z4S,A,0,0
6Z4V,A,0,0
6Z66,A,0,0
6Z8N,A,0,0
6ZA8,A,0,0
6ZDR,A,79,38
6ZDV,A,76,32
6ZFZ,A,25,18
6ZG4,A,49,26
6ZG9,A,20,15
6ZIN,A,0,0
7ARO,A,1,0
7AUE,R,0,0
7BB6,A,0,0
7BB7,A,0,0
7BR3,A,0,0
7BTS,A,0,0
7BU6,A,3,2
7BU7,A,5,3
7BVQ,A,25,1
7BVQ,B,2,0
7BW0,R,0,0
7BZ2,R,0,0
7C2E,R,0,0
7C4S,A,0,0
7C4S,B,0,0
7C61,A,0,0
7C6A,A,0,0
7C7Q,A,0,0
7C7Q,B,0,0
7C7S,A,0,0
7C7S,B,0,0
7CA3,A,0,0
7CA3,B,0,0
7CA5,A,0,0
7CA5,B,0,0
7CFM,R,1,1
7CFN,R,1,1
7CKW,R,0,0
7CKX,R,0,0
7CKY,R,0,0
7CKZ,R,0,0
7CMU,R,0,0
7CMV,R,0,0
7CRH,R,0,0
7CUM,A,0,0
7CUM,B,0,0
7CX2,R,1,0
7CX3,R,0,0
7CX4,R,0,0
7CZ5,R,1,0
7D3S,R,0,0
7D68,R,6,5
7D76,R,0,0
7D77,R,1,0
7D7M,A,0,0
7DB6,D,0,0
7DDZ,A,0,0
7DFL,R,0,0
7DFP,A,0,0
7DGD,A,0,0
7DGD,B,0,0
7DGE,A,0,0
7DGE,B,0,0
7DH5,R,0,0
7DHI,R,0,0
7DHR,R,0,0
7DTT,A,0,0
7DTT,B,0,0
7DTU,A,0,0
7DTU,B,0,0
7DTV,A,0,0
7DTV,B,0,0
7DTW,A,0,0
7DTW,B,0,0
7DTY,R,0,0
7DUQ,R,0,0
7DUR,R,0,0
7DW9,R,0,0
7E14,R,0,0
7E2X,R,9,0
7E2Y,R,0,0
7E2Z,R,0,0
7E32,R,0,0
7E33,R,0,0
7E6T,A,0,0
7E6T,B,0,0
7E6U,A,0,0
7E6U,C,0,0
7E9G,R,0,0
7E9G,S,0,0
7E9H,R,0,0
7E9H,S,0,0
7EB2,C,0,0
7EB2,D,0,0
7EIB,A,0,0
7EJ0,R,0,0
7EJ8,R,0,0
7EJA,R,0,0
7EJK,R,0,0
7EJX,R,2,2
7EO2,A,0,0
7EO4,A,0,0
7EPA,A,0,0
7EPA,B,0,0
7EPB,A,0,0
7EPB,B,0,0
7EPC,A,0,0
7EPC,B,0,0
7EPD,A,0,0
7EPD,B,0,0
7EPE,A,0,0
7EPF,A,0,0
7EPT,R,0,0
7EQ1,R,0,0
7EUO,R,0,0
7EVM,R,0,0
7EVY,D,0,0
7EVZ,D,0,0
7EW0,D,0,0
7EW1,A,0,0
7EW2,R,0,0
7EW3,R,0,0
7EW4,R,0,0
7EW7,D,0,0
7EWL,A,0,0
7EWL,B,0,0
7EWP,A,0,0
7EWP,B,0,0
7EWR,A,0,0
7EWR,B,0,0
7EXD,R,0,0
7EZC,A,0,0
7EZC,B,0,0
7EZH,D,0,0
7EZK,D,0,0
7EZM,D,0,0
7F0T,F,0,0
7F16,R,0,0
7F1O,F,0,0
7F1Q,R,0,0
7F1R,R,0,0
7F1S,R,0,0
7F1T,A,0,0
7F1Z,F,0,0
7F23,F,0,0
7F24,F,0,0
7F2O,R,0,0
7F4D,R,0,0
7F4F,R,0,0
7F4H,R,0,0
7F4I,R,0,0
7F53,R,2,0
7F54,R,4,0
7F55,R,2,0
7F58,R,6,2
7F61,A,7,4
7F6H,A,0,0
7F6I,A,0,0
7F83,A,0,0
7F83,B,0,0
7F8U,A,0,0
7F8V,R,0,0
7F8W,R,0,0
7F8X,A,0,0
7F8Y,A,0,0
7F9Y,R,0,0
7F9Z,R,0,0
7FD8,A,0,0
7FD8,B,0,0
7FD9,A,0,0
7FD9,B,0,0
7FEE,A,6,0
7FIG,R,0,0
7FIH,R,0,0
7FII,R,0,0
7FIJ,R,0,0
7FIM,R,0,0
7FIN,R,0,0
7FIY,R,0,0
7JJO,R,0,0
7JNI,A,1,1
7JNI,B,0,0
7JOZ,R,0,0
7JV5,R,0,0
7JVP,R,0,0
7JVQ,R,0,0
7JVR,R,0,0
7K15,A,3,0
7KH0,R,0,0
7KI0,R,16,6
7KI1,R,13,5
7KNT,R,0,0
7KNU,R,0,0
7L0P,C,0,0
7L0Q,C,0,0
7L0R,C,0,0
7L0S,C,0,0
7L1U,R,0,0
7L1V,R,0,0
7LCI,R,19,19
7LCJ,R,17,12
7LCK,R,11,10
7LD3,R,1,0
7LD4,R,1,0
7LJC,R,0,0
7LJD,R,0,0
7LLL,R,0,0
7LLY,R,0,0
7M3E,A,0,0
7M3E,B,0,0
7M3F,A,0,0
7M3F,B,0,0
7M3G,A,0,0
7M3G,B,0,0
7M3J,A,0,0
7M3J,B,0,0
7M8W,A,8,4
7MBX,R,2,0
7MBY,R,0,0
7MT8,R,0,0
7MT9,R,0,0
7MTA,R,0,0
7MTB,R,0,0
7MTQ,A,0,0
7MTQ,B,0,0
7MTR,A,0,0
7MTR,B,0,0
7MTS,A,0,0
7MTS,B,0,0
7NA7,R,0,0
7NA8,R,0,0
7O7F,C,0,0
7P00,R,0,0
7P02,R,0,0
7P2L,A,3,0
7PIU,R,5,0
7PIV,R,8,2
7PP1,A,0,0
7PX4,A,143,46
7PYR,A,121,36
7QVM,R,0,0
7R0C,A,0,0
7RA3,R,0,0
7RAN,A,0,0
7RBT,R,0,0
7RG9,R,0,0
7RGP,R,0,0
7RKF,R,0,0
7RKM,R,0,0
7RKN,R,0,0
7RM5,A,6,6
7RMG,R,0,0
7RMH,R,0,0
7RMI,R,0,0
7RTB,R,1,1
7RYC,O,0,0
7S0F,R,0,0
7S0G,R,0,0
7S15,R,0,0
7S1M,R,0,0
7S3I,R,0,0
7S8L,R,0,0
7S8M,R,0,0
7S8N,R,0,0
7S8O,R,0,0
7S8P,R,0,0
7SBF,R,0,0
7SCG,D,2,0
7SF7,A,3,2
7SF8,A,0,0
7SHE,A,0,0
7SHE,B,0,0
7SHF,A,0,0
7SHF,B,0,0
7SIL,A,0,0
7SIL,B,0,0
7SIM,A,0,0
7SIM,B,0,0
7SIN,A,0,0
7SIN,B,0,0
7SK3,A,0,0
7SK4,A,0,0
7SK5,A,0,0
7SK6,A,0,0
7SK7,A,0,0
7SK8,A,0,0
7SK9,A,0,0
7SQO,R,0,0
7SR8,R,0,0
7SRQ,R,0,0
7SRR,R,0,0
7SRS,R,0,0
7SUS,A,1,0
7T10,R,0,0
7T11,R,0,0
7T2G,R,8,8
7T2H,D,0,0
7T32,A,0,0
7T6B,R,0,0
7T6S,R,0,0
7T6T,R,0,0
7T6U,R,0,0
7T6V,R,0,0
7T8X,A,0,0
7T90,A,1,0
7T94,A,1,0
7T96,A,0,0
7T9I,R,0,0
7T9M,R,0,0
7T9N,R,0,0
7TD0,R,0,0
7TD1,R,0,0
7TD2,R,0,0
7TD3,R,0,0
7TD4,R,0,0
7TMW,R,0,0
7TRK,R,0,0
7TRP,R,0,0
7TRQ,R,0,0
7TRS,R,0,0
7TRY,P,0,0
7TS0,P,0,0
7TUY,R,0,0
7TUZ,R,0,0
7TYF,R,20,17
7TYH,R,0,0
7TYI,R,0,0
7TYL,R,0,0
7TYN,R,0,0
7TYO,R,0,0
7TYW,R,0,0
7TYX,R,0,0
7TYY,R,4,1
7TZF,R,18,14
7U2K,D,0,0
7U2L,D,0,0
7UL2,R,0,0
7UL3,A,0,0
7UL4,A,4,4
7UL5,A,0,0
7UM4,A,4,1
7UM5,A,1,1
7UM6,A,0,0
7UM7,A,0,0
7UTZ,R,0,0
7V35,R,0,0
7V3Z,A,0,0
7V68,R,0,0
7V69,R,0,0
7V6A,R,0,0
7V9L,R,0,0
7V9M,R,0,0
7VAB,R,0,0
7VBH,R,0,0
7VBI,R,0,0
7VDH,R,0,0
7VDL,R,0,0
7VDM,R,0,0
7VFX,R,0,0
7VGX,R,0,0
7VGY,A,0,0
7VGZ,B,0,0
7VH0,A,0,0
7VIE,F,0,0
7VIF,F,0,0
7VIG,F,0,0
7VIH,F,0,0
7VKT,A,7,2
7VL8,R,0,0
7VL9,R,0,0
7VLA,R,0,0
7VOD,A,0,0
7VOE,A,0,0
7VQX,R,0,0
7VUG,R,0,0
7VUH,R,0,0
7VUI,R,0,0
7VUJ,R,0,0
7VUY,R,0,0
7VUZ,R,0,0
7VV0,R,0,0
7VV3,R,0,0
7VV4,R,0,0
7VV5,R,0,0
7VV6,R,0,0
7VVJ,R,0,0
7VVK,R,0,0
7VVL,R,1,0
7VVM,R,0,0
7VVN,R,0,0
7VVO,R,0,0
7W0L,Q,0,0
7W0L,R,0,0
7W0M,R,0,0
7W0N,Q,0,0
7W0N,R,0,0
7W0O,R,0,0
7W0P,R,0,0
7W2Z,R,0,0
7W3Z,A,0,0
7W40,A,0,0
7W41,A,0,0
7W53,R,0,0
7W55,R,0,0
7W56,R,0,0
7W57,R,0,0
7W6P,R,0,0
7W7E,R,0,0
7WBJ,R,0,0
7WC4,A,1,0
7WC5,A,0,0
7WC6,A,2,0
7WC7,A,7,0
7WC8,A,6,0
7WC9,A,2,0
7WCM,R,0,0
7WCN,R,0,0
7WF7,A,0,0
7WI6,A,0,0
7WI6,B,0,0
7WI8,A,0,0
7WI8,B,0,0
7WIC,R,0,0
7WIG,R,0,0
7WIH,A,0,0
7WIH,B,0,0
7WJ5,R,0,0
7WKD,R,0,0
7WQ3,R,0,0
7WQ4,R,0,0
7WU2,R,0,0
7WU3,R,0,0
7WU4,R,0,0
7WU5,R,0,0
7WU9,R,0,0
7WUI,L,0,0
7WUJ,E,0,0
7WUQ,R,0,0
7WV9,R,0,0
7WVU,R,0,0
7WVV,R,0,0
7WVW,R,0,0
7WVX,R,0,0
7WVY,R,0,0
7WXU,R,0,0
7WXW,R,0,0
7WY0,R,0,0
7WY5,R,0,0
7WY8,R,0,0
7WYB,R,0,0
7WZ4,R,0,0
7WZ7,R,0,0
7X10,R,0,0
7X1T,A,0,0
7X1U,A,0,0
7X2C,F,0,0
7X2D,F,0,0
7X2F,F,0,0
7X2V,R,0,0
7X5H,R,0,0
7X8R,R,0,0
7X8S,R,0,0
7X9A,R,0,0
7X9B,R,0,0
7X9C,R,0,0
7X9Y,R,0,0
7XA3,R,0,0
7XAT,A,0,0
7XAU,A,0,0
7XAV,A,0,0
7XBD,A,0,0
7XBW,R,0,0
7XBX,R,0,0
7XJH,R,0,0
7XJI,R,0,0
7XJJ,E,0,0
7XJK,F,0,0
7XJL,F,0,0
7XK2,R,0,0
7XK8,R,0,0
7XK9,A,0,0
7XKA,A,1,0
7XKD,R,1,0
7XKE,R,1,0
7XKF,R,0,0
7XMR,R,0,0
7XMS,R,0,0
7XMT,R,0,0
7XN9,A,0,0
7XNA,A,0,0
7XOU,R,0,0
7XOV,R,1,0
7XOW,R,0,0
7XRR,A,0,0
7XT8,R,0,0
7XT9,R,0,0
7XTA,R,0,0
7XTB,R,0,0
7XTC,R,0,0
7XTQ,R,0,0
7XV3,R,2,2
7XW5,R,0,0
7XW6,R,0,0
7XW7,R,0,0
7XW9,R,0,0
7XWO,B,0,0
7XXH,R,0,0
7XXI,A,0,0
7XY6,R,0,0
7XY7,R,0,0
7XZ5,R,0,0
7XZ6,R,1,1
7Y12,R,0,0
7Y13,R,2,2
7Y14,R,0,0
7Y15,R,0,0
7Y1F,R,0,0
7Y24,E,0,0
7Y26,E,0,0
7Y27,E,0,0
7Y35,R,0,0
7Y36,R,0,0
7Y3G,R,0,0
7Y64,D,0,0
7Y65,D,0,0
7Y66,D,0,0
7Y67,D,0,0
7Y89,A,0,0
7YAC,E,0,0
7YAE,E,0,0
7YDH,R,0,0
7YDJ,R,0,0
7YDM,R,0,0
7YDP,R,0,0
7YFC,R,0,0
7YFD,R,0,0
7YIT,A,0,0
7YJ4,R,0,0
7YK6,R,0,0
7YK7,R,0,0
7YKD,A,0,0
7YM8,A,0,0
7YMH,A,0,0
7YMJ,A,0,0
7YON,R,1,1
7YOO,R,0,0
7YP7,R,0,0
7YS6,A,0,0
7YU3,R,0,0
7YU4,A,0,0
7YU5,R,0,0
7YU6,R,0,0
7YU7,R,0,0
7YU8,R,0,0
7YXA,A,72,27
7YXA,B,65,24
7ZBC,A,73,31
7ZBC,B,65,32
7ZBE,A,63,31
7ZBE,B,65,31
7ZI0,A,0,0
7ZI0,B,0,0
7ZL9,A,3,1
7ZLY,A,0,0
8A2O,A,4,1
8A2P,A,0,0
8A6C,A,86,38
8A6C,B,78,36
8A6D,A,42,18
8A6D,B,45,18
8A6E,A,67,29
8A6E,B,58,28
8C9W,A,40,22
8CIC,A,89,33
8CU6,A,32,18
8CU7,A,112,52
8CXO,A,0,0
8DCR,R,0,0
8DCS,R,0,0
8DPF,A,0,0
8DPG,A,0,0
8DPH,A,0,0
8DPI,A,0,0
8DU3,A,49,32
8DWC,R,0,0
8DWG,R,0,0
8DWH,R,0,0
8DZP,A,0,0
8DZQ,A,0,0
8DZR,A,0,0
8DZS,A,0,0
8E0G,A,49,13
8E3X,R,10,1
8E3Y,R,12,0
8E3Z,R,4,1
8E9W,A,0,0
8E9X,A,0,0
8E9Y,A,0,0
8E9Z,A,0,0
8EA0,A,0,0
8EF5,M,0,0
8EF5,R,0,0
8EF6,M,0,0
8EF6,R,0,0
8EFB,R,0,0
8EFL,M,0,0
8EFL,R,0,0
8EFO,M,0,0
8EFO,R,0,0
8EFQ,R,0,0
8EIT,R,0,0
8EJC,R,0,0
8EJK,R,0,0
8F0J,R,14,14
8F0K,R,29,22
8F2A,R,0,0
8F2B,R,21,17
8F7Q,M,0,0
8F7Q,R,0,0
8F7R,M,0,0
8F7R,R,0,0
8F7S,D,0,0
8F7S,R,0,0
8F7W,R,0,0
8F7X,R,0,0
8FCZ,A,0,0
8FCZ,B,0,0
8FD0,A,0,0
8FD0,B,0,0
8FD1,A,0,0
8FD1,B,0,0
8FEG,B,2,0
8FLQ,R,11,10
8FLR,R,8,7
8FLS,R,0,0
8FLT,R,0,0
8FLU,R,3,3
8FMZ,A,0,0
8FN0,A,0,0
8FN1,A,0,0
8FU6,R,0,0
8FX5,R,0,0
8FYN,A,113,9
8G05,R,0,0
8G2Y,R,0,0
8G59,R,0,0
8G94,A,0,0
8GCM,R,0,0
8GCP,R,0,0
8GD9,R,0,0
8GDA,R,0,0
8GDB,R,0,0
8GDC,R,0,0
8GHV,D,0,0
8GNE,A,56,34
8GNG,A,3,3
8GNG,X,0,0
8GTG,A,0,0
8GTI,A,0,0
8GTM,A,0,0
8GUQ,R,0,0
8GUR,R,0,0
8GUS,R,0,0
8GUT,R,0,0
8GW8,R,0,0
8GY7,R,0,0
8H0P,R,0,0
8H0Q,R,0,0
8H2G,A,0,0
8H4I,R,0,0
8H4K,R,0,0
8H4L,R,0,0
8H8J,C,0,0
8HA0,R,0,0
8HAF,R,0,0
8HAO,I,0,0
8HAO,R,0,0
8HBD,R,0,0
8HCQ,R,0,0
8HCX,C,0,0
8HDO,R,0,0
8HDP,R,0,0
8HIX,R,0,0
8HJ0,R,0,0
8HJ1,R,0,0
8HJ2,R,0,0
8HJ5,F,0,0
8HK2,A,0,0
8HK3,C,0,0
8HK5,A,0,0
8HMP,R,0,0
8HMV,A,0,0
8HN1,A,0,0
8HN8,R,0,0
8HNK,R,0,0
8HNL,R,0,0
8HNM,R,0,0
8HNN,R,0,0
8HOC,R,0,0
8HPT,A,0,0
8HQC,A,0,0
8HQE,R,0,0
8HQM,R,0,0
8HQN,R,0,0
8HS2,R,0,0
8HS3,R,0,0
8HSC,R,0,0
8HVI,R,0,0
8I2G,R,0,0
8I2H,A,0,0
8I95,C,0,0
8I97,C,0,0
8I9A,C,0,0
8I9L,C,0,0
8I9S,C,0,0
8IA2,A,0,0
8IA7,R,0,0
8IA8,A,0,0
8IBU,R,0,0
8IBV,R,0,0
8IC0,A,0,0
8ID3,R,0,0
8ID4,R,1,0
8ID6,R,0,0
8ID8,R,0,0
8ID9,R,0,0
8IHB,R,0,0
8IHF,R,0,0
8IHH,R,0,0
8IHI,R,0,0
8IHJ,R,0,0
8IHK,R,0,0
8IJ3,A,0,0
8IJA,A,0,0
8IJB,A,0,0
8IJD,A,0,0
8INR,R,0,0
8IOC,R,0,0
8IOD,R,0,0
8IRR,R,2,2
8IRS,R,0,0
8IRT,R,2,2
8IRV,R,0,0
8ITF,R,0,0
8ITL,R,0,0
8ITM,R,0,0
8IUK,R,0,0
8IUL,R,0,0
8IUM,R,0,0
8IW1,R,0,0
8IW4,R,0,0
8IW7,R,0,0
8IW9,R,0,0
8IWE,R,0,0
8IWM,R,0,0
8IY5,R,0,0
8IY6,R,0,0
8IYS,R,0,0
8IZB,R,0,0
8J18,R,0,0
8J19,R,0,0
8J1A,R,0,0
8J6D,C,0,0
8J6P,R,1,1
8J6Q,R,1,1
8J6R,R,1,0
8JCU,2,0,0
8JCU,3,0,0
8JCV,2,0,0
8JCV,3,0,0
8JCW,2,0,0
8JCW,3,0,0
8JCX,2,0,0
8JCX,3,0,0
8JCY,2,0,0
8JCY,3,0,0
8JCZ,2,0,0
8JCZ,3,0,0
8JD0,2,0,0
8JD0,3,0,0
8JD1,2,0,0
8JD1,3,0,0
8JD2,2,0,0
8JD2,3,0,0
8JD3,2,0,0
8JD3,3,0,0
8JD4,2,0,0
8JD4,4,0,0
8JD5,2,0,0
8JD5,4,0,0
8JD6,R,0,0
8JD6,S,0,0
8JHY,A,0,0
8JII,A,1,1
8JIL,A,1,1
8JIM,E,1,0
8JIP,R,0,0
8JIQ,R,0,0
8JIR,R,0,0
8JIS,R,0,0
8JIT,R,0,0
8JIU,R,0,0
8JJ8,F,0,0
8JJL,A,0,0
8JJO,F,0,0
8JLJ,R,0,0
8JLK,R,0,0
8JLN,R,0,0
8JLO,R,0,0
8JLP,R,0,0
8JLQ,R,0,0
8JLR,R,0,0
8JLZ,R,0,0
8JMT,A,0,0
8JPB,R,0,0
8JPC,R,0,0
8JPF,R,0,0
8JR9,R,0,0
8JRU,R,0,0
8JRV,R,0,0
8JSO,R,0,0
8JSP,R,0,0
8JWY,A,139,32
8JWZ,A,166,38
8JZ7,A,0,0
8JZZ,A,0,0
8K2W,R,0,0
8K2X,R,0,0
8K4N,D,0,0
8K5B,A,0,0
8K5C,A,0,0
8K5D,A,0,0
8KGK,A,0,0
8KH4,A,0,0
8KH5,A,0,0
8PM2,R,0,0
8PWN,A,24,8
8QOT,A,0,0
8SAI,A,0,0
8SG1,R,0,0
8T6J,A,0,0
8T6J,B,0,0
8T7H,A,0,0
8T7H,B,0,0
8T8M,A,0,0
8T8M,B,0,0
8TAO,A,0,0
8TAO,B,0,0
8TB0,R,0,0
8TB7,R,1,0
8THK,R,0,0
8THL,R,0,0
8TLM,C,0,0
8U1U,A,0,0
8U26,R,0,0
8W87,R,0,0
8W88,R,0,0
8W89,R,1,0
8W8A,R,1,0
8W8B,R,0,0
8W8Q,C,0,0
8W8R,R,0,0
8W8S,R,0,0
8WC3,R,0,0
8WC4,R,0,0
8WC5,R,0,0
8WC6,R,0,0
8WC7,R,0,0
8WC8,R,0,0
8WC9,R,0,0
8WCA,R,0,0
8WCB,R,0,0
8WCC,R,0,0
8WPG,A,0,0
8WPG,B,0,0
8WPU,A,0,0
8WPU,B,0,0
8WRB,R,0,0
8XBH,R,0,0
8XBI,R,0,0
